Process Step,Completion Rate
start,99.42631310555838
step_1,85.63657997620263
step_2,79.25378208397076
step_3,74.0353561108278
confirm,65.58728539860616
